                  epoch,         train/box_loss,         train/cls_loss,         train/dfl_loss,   metrics/precision(B),      metrics/recall(B),       metrics/mAP50(B),    metrics/mAP50-95(B),           val/box_loss,           val/cls_loss,           val/dfl_loss,                 lr/pg0,                 lr/pg1,                 lr/pg2
                      1,                 2.1037,                 3.6594,                 1.7909,                0.00508,                0.67889,                0.04861,                0.02399,                 1.2935,                 3.6512,                 1.2841,              7.145e-05,              7.145e-05,              7.145e-05
                      2,                 1.6075,                 3.3176,                 1.4725,                0.00616,                0.72304,                0.09786,                0.06242,                 1.5181,                 3.6311,                 1.3917,             0.00012607,             0.00012607,             0.00012607
                      3,                 1.3278,                 2.8079,                 1.3737,                 0.0061,                0.71684,                0.09989,                0.06248,                 1.4988,                  3.601,                 1.3743,             0.00014673,             0.00014673,             0.00014673
                      4,                 1.2788,                 2.5648,                 1.3216,                0.00647,                0.72833,                0.16726,                0.10294,                 1.2849,                 3.4567,                 1.2781,             0.00013344,             0.00013344,             0.00013344
                      5,                 1.3163,                 2.4592,                 1.3158,                0.00676,                0.72833,                0.16143,                 0.1124,                 1.2361,                  3.393,                 1.2659,             8.6197e-05,             8.6197e-05,             8.6197e-05
